性別	年級
F	一
F	一
M	一
M	一
F	一
M	一
M	一
M	一
M	一
F	一
M	一
F	一
F	一
F	一
F	二
M	二
F	一
M	一
F	一
F	一
M	一
M	一
M	一
M	一
F	一
F	一
M	一
M	一
F	一
M	四
F	二
M	一
F	一
F	一
F	三
M	一
M	一
M	一
M	一
M	一
F	一
M	一
M	一
F	一
F	一
F	一
M	一
F	一
M	一
F	一
F	二
F	一
M	一
M	一
F	一
F	一
F	一
M	一
M	一
M	一
F	一
F	一
M	一
F	一
M	一
F	一
F	一
F	一
M	一
F	一
M	一
M	一
F	一
F	二
F	一
M	一
M	四
F	四
F	四
M	二
M	二
M	三
F	二
M	一
M	一
F	一
F	四
F	一
F	一
M	一
M	一
F	三
F	四
M	四
M	四
F	二
M	二
M	一
M	一
M	一
F	一
F	一
M	四
M	四
F	一
F	四
M	四
M	三
F	三
M	三
M	一
F	一
M	二
M	二
F	二
F	一
F	一
F	一
F	一
F	一
M	一
F	一
F	一
F	一
F	一
M	一
M	一
M	一
F	一
F	一
F	一
F	一
M	一
M	四
F	四
F	二
M	一
F	四
F	三
F	一
F	一
F	一
F	一
F	一
F	三
M	三
F	一
F	四
F	四
F	二
M	一
M	一
F	三
M	四
F	三
F	三
M	四
F	四
M	三
F	二
F	四
M	四
F	四
M	四
F	四
